Feature,Importance
Age,0.24591476013004293
FCVC,0.12039854279650156
NCP,0.08787056046224684
FAF,0.08676786300028486
Gender,0.08111206018422441
CALC,0.07675767047822442
CH2O,0.07366925827644197
CAEC,0.06795771595414238
TUE,0.062451801944105656
family_history_with_overweight,0.058007203435702
FAVC,0.03909256333808307
